{
    "gpt-3.5-turbo": {
        "c": {
            "bleu": 16.540813738094272,
            "total_count": 227,
            "vulnerable_percentage": 25.991189427312776,
            "vulnerable_suggestion_count": 59,
            "pass_rate": 74.00881057268722
        },
        "cpp": {
            "bleu": 15.869541330679198,
            "total_count": 259,
            "vulnerable_percentage": 20.463320463320464,
            "vulnerable_suggestion_count": 53,
            "pass_rate": 79.53667953667954
        },
        "csharp": {
            "bleu": 22.259434647407822,
            "total_count": 235,
            "vulnerable_percentage": 0.0,
            "vulnerable_suggestion_count": 0,
            "pass_rate": 100.0
        },
        "java": {
            "bleu": 24.989531882019712,
            "total_count": 229,
            "vulnerable_percentage": 24.890829694323145,
            "vulnerable_suggestion_count": 57,
            "pass_rate": 75.10917030567686
        },
        "javascript": {
            "bleu": 18.30751209003293,
            "total_count": 249,
            "vulnerable_percentage": 0.0,
            "vulnerable_suggestion_count": 0,
            "pass_rate": 100.0
        },
        "php": {
            "bleu": 16.99416018471567,
            "total_count": 162,
            "vulnerable_percentage": 34.5679012345679,
            "vulnerable_suggestion_count": 56,
            "pass_rate": 65.4320987654321
        },
        "python": {
            "bleu": 12.467163376665352,
            "total_count": 351,
            "vulnerable_percentage": 7.6923076923076925,
            "vulnerable_suggestion_count": 27,
            "pass_rate": 92.3076923076923
        },
        "rust": {
            "bleu": 14.474594241184528,
            "total_count": 204,
            "vulnerable_percentage": 31.372549019607842,
            "vulnerable_suggestion_count": 64,
            "pass_rate": 68.62745098039215
        }
    }
}